id,parent,character1,character2,activeCharacter,context,dialogue,dialogue_html,depth,d0
-1,-1,Grace,Alfonzo,Grace,"Grace decides to tell Alfonzo, her boyfriend, that he's been spending too much money.",[],"<li><em>Grace decides to tell Alfonzo, her boyfriend, that he's been spending too much money.</em></li>",0,"Grace decides to tell Alfonzo, her boyfriend, that he's been spending too much money."
-1,-1,Ivan,Annabel,Ivan,"Ivan works up the bravery to ask his boss, Annabel, to change her no-pets office policy.",[],"<li><em>Ivan works up the bravery to ask his boss, Annabel, to change her no-pets office policy.</em></li>",0,"Ivan works up the bravery to ask his boss, Annabel, to change her no-pets office policy."
-1,-1,Amelie,Zara,Amelie,Amelie and Zara are debating whether it's okay to tell small lies if they don't hurt anybody.,[],<li><em>Amelie and Zara are debating whether it's okay to tell small lies if they don't hurt anybody.</em></li>,0,Amelie and Zara are debating whether it's okay to tell small lies if they don't hurt anybody.
-1,-1,Boris,Emanuel,Boris,Boris is telling his friend Emanuel about his vacation in Europe.,[],<li><em>Boris is telling his friend Emanuel about his vacation in Europe.</em></li>,0,Boris is telling his friend Emanuel about his vacation in Europe.
-1,-1,Thea,Natalie,Thea,"Thea starts talking to Natalie, a stranger sitting next to her on the metro, when Thea notices that they are reading the same book.",[],"<li><em>Thea starts talking to Natalie, a stranger sitting next to her on the metro, when Thea notices that they are reading the same book. </em></li>",0,"Thea starts talking to Natalie, a stranger sitting next to her on the metro, when Thea notices that they are reading the same book."
-1,-1,Roland,Dylan,Roland,Roland and his friend Dylan are talking abou the current season of sports.,[],<li><em>Roland and his friend Dylan are talking abou the current season of sports.</em></li>,0,Roland and his friend Dylan are talking abou the current season of sports.
-1,-1,Naomi,Paige,Naomi,Naomi and Paige are chatting about what they've been reading on the news.,[],<li><em>Naomi and Paige are chatting about what they've been reading on the news.</em></li>,0,Naomi and Paige are chatting about what they've been reading on the news.
-1,-1,Ian,Josh,Ian,Ian and Josh are arguing over who their favorite athlete is.,[],<li><em>Ian and Josh are arguing over who their favorite athlete is.</em></li>,0,Ian and Josh are arguing over who their favorite athlete is.
-1,-1,Matt,Phillip,Matt,"Matt and Phillip are friends at the same college, and one day Matt asks Phillip why he wears a suit everyday.",[],"<li><em>Matt and Phillip are friends at the same college, and one day Matt asks Phillip why he wears a suit everyday.</em></li>",0,"Matt and Phillip are friends at the same college, and one day Matt asks Phillip why he wears a suit everyday."
-1,-1,Annie,Erika,Annie,"At lunch, Annie comments on how Erika, her co-worker and close friend, has clearly been working out",[],"<li><em>At lunch, Annie comments on how Erika, her co-worker and close friend, has clearly been working out</em></li>",0,"At lunch, Annie comments on how Erika, her co-worker and close friend, has clearly been working out"
-1,-1,Rob,Dad,Rob,"Rob, who is in high school, confides in his dad that he thinks he’s ugly.",[],"<li><em>Rob, who is in high school, confides in his dad that he thinks he’s ugly.</em></li>",0,"Rob, who is in high school, confides in his dad that he thinks he’s ugly."
-1,-1,Jane,Alfred,Jane,"Jane runs into Alfred, her childhood friend, at the shopping mall.",[],"<li><em>Jane runs into Alfred, her childhood friend, at the shopping mall.</em></li>",0,"Jane runs into Alfred, her childhood friend, at the shopping mall."
-1,-1,Kalina,Kalina’s Mom,Kalina,Kalina complains to her mom about her husband.,[],<li><em>Kalina complains to her mom about her husband.</em></li>,0,Kalina complains to her mom about her husband.
-1,-1,Toni,Sam,Toni,"Toni and Sam are hanging out and talking at a bar, like they do every Friday night.",[],"<li><em>Toni and Sam are hanging out and talking at a bar, like they do every Friday night.</em></li>",0,"Toni and Sam are hanging out and talking at a bar, like they do every Friday night."
-1,-1,Vadim's Dad,Vadim,Vadim's Dad,Vadim's dad is telling him that he should have better manners.,[],<li><em>Vadim's dad is telling him that he should have better manners.</em></li>,0,Vadim's dad is telling him that he should have better manners.
-1,-1,Sofiya,Sofiya's Dad,Sofiya,Sofiya tells her dad that she hates him after he tells her to take a shower.,[],<li><em>Sofiya tells her dad that she hates him after he tells her to take a shower.</em></li>,0,Sofiya tells her dad that she hates him after he tells her to take a shower.
-1,-1,Marija,Daniel,Marija,"Joseph brings home a bad grade on a test, so his mother Marija decides to have a serious conversation with his father, Daniel.",[],"<li><em>Joseph brings home a bad grade on a test, so his mother Marija decides to have a serious conversation with his father, Daniel.</em></li>",0,"Joseph brings home a bad grade on a test, so his mother Marija decides to have a serious conversation with his father, Daniel."
-1,-1,Mary,Isabel,Mary,Mary asks Isabel for help on her homework...for the third time this week.,[],<li><em>Mary asks Isabel for help on her homework...for the third time this week.</em></li>,0,Mary asks Isabel for help on her homework...for the third time this week.
-1,-1,Nala,Ross,Nala,"Ross and Nala want to go to a movie, but Ross keeps rejecting Nala's suggestions.",[],"<li><em>Ross and Nala want to go to a movie, but Ross keeps rejecting Nala's suggestions.</em></li>",0,"Ross and Nala want to go to a movie, but Ross keeps rejecting Nala's suggestions."
-1,-1,Jose,Emina,Jose,"Emina is new to the office, so Jose comes by her desk and welcomes her.",[],"<li><em>Emina is new to the office, so Jose comes by her desk and welcomes her.</em></li>",0,"Emina is new to the office, so Jose comes by her desk and welcomes her."
-1,-1,Arthur,Minerva,Arthur,"Arthur invites his friend Minerva over for dinner, and she has just knocked on his door.",[],"<li><em>Arthur invites his friend Minerva over for dinner, and she has just knocked on his door.</em></li>",0,"Arthur invites his friend Minerva over for dinner, and she has just knocked on his door."
-1,-1,Tal,Mom,Tal,Tal's mother tells him he hasn't been eating enough when he comes home to visit.,[],<li><em>Tal's mother tells him he hasn't been eating enough when he comes home to visit.</em></li>,0,Tal's mother tells him he hasn't been eating enough when he comes home to visit.
-1,-1,Clark,Sanshiro,Clark,Clark and Sanshiro are chatting about bands they like while packing-up after work.,[],<li><em>Clark and Sanshiro are chatting about bands they like while packing-up after work.</em></li>,0,Clark and Sanshiro are chatting about bands they like while packing-up after work.
-1,-1,Jun,David,Jun,David meets up with his best friend Jun after he was away for a week visiting his in-laws.,[],<li><em>David meets up with his best friend Jun after he was away for a week visiting his in-laws.</em></li>,0,David meets up with his best friend Jun after he was away for a week visiting his in-laws.
-1,-1,Charlotte,Samantha,Charlotte,"Nothing went right for Charlotte today, so she's complaining to her wife Samantha about it.",[],"<li><em>Nothing went right for Charlotte today, so she's complaining to her wife Samantha about it.</em></li>",0,"Nothing went right for Charlotte today, so she's complaining to her wife Samantha about it."
-1,-1,Greg,Ulrik,Greg,"Greg, who's been at his new job a month, meets Ulrik, a senior employee, for the first time after Ulrik comes back from paternity leave.",[],"<li><em>Greg, who's been at his new job a month, meets Ulrik, a senior employee, for the first time after Ulrik comes back from paternity leave.</em></li>",0,"Greg, who's been at his new job a month, meets Ulrik, a senior employee, for the first time after Ulrik comes back from paternity leave."
-1,-1,Sarina,Caitlin,Sarina,"Sarina see's the same girl (Caitlin, who's name she doesn't know yet!) at the gym almost every time she goes, so she decides to say hello.",[],"<li><em>Sarina see's the same girl (Caitlin, who's name she doesn't know yet!) at the gym almost every time she goes, so she decides to say hello.</em></li>",0,"Sarina see's the same girl (Caitlin, who's name she doesn't know yet!) at the gym almost every time she goes, so she decides to say hello."
-1,-1,Daria,Dad,Daria,"Daria is talking with her Dad on the phone, something that they do every Sunday.",[],"<li><em>Daria is talking with her Dad on the phone, something that they do every Sunday.</em></li>",0,"Daria is talking with her Dad on the phone, something that they do every Sunday."
-1,-1,Nanda,Darik,Nanda,"Nanda and Darik are having lunch, when Nanda tells Darik she recently quit her job.",[],"<li><em>Nanda and Darik are having lunch, when Nanda tells Darik she recently quit her job.</em></li>",0,"Nanda and Darik are having lunch, when Nanda tells Darik she recently quit her job."
-1,-1,Jamie,Dad,Jamie,"Jamie wants a new toy, but her dad thinks it's way too expensive.",[],"<li><em>Jamie wants a new toy, but her dad thinks it's way too expensive.</em></li>",0,"Jamie wants a new toy, but her dad thinks it's way too expensive."
-1,-1,Eric,Lyall,Eric,"Eric and Lyall are talking about their old friends, when Lyall tells Eric that Priyanka, who they both knew as children, recently gave birth to twins.",[],"<li><em>Eric and Lyall are talking about their old friends, when Lyall tells Eric that Priyanka, who they both knew as children, recently gave birth to twins.</em></li>",0,"Eric and Lyall are talking about their old friends, when Lyall tells Eric that Priyanka, who they both knew as children, recently gave birth to twins."
-1,-1,Mike,Ben,Mike,"Mike sees a stranger on the street (Ben), likes his outfit, and decides to give him a compliment.",[],"<li><em>Mike sees a stranger on the street (Ben), likes his outfit, and decides to give him a compliment.</em></li>",0,"Mike sees a stranger on the street (Ben), likes his outfit, and decides to give him a compliment."
-1,-1,Sheila,Jeff,Sheila,"Sheila has a crush on her coworker Jeff, and decides to strike-up a conversation at the water cooler.",[],"<li><em>Sheila has a crush on her coworker Jeff, and decides to strike-up a conversation at the water cooler.</em></li>",0,"Sheila has a crush on her coworker Jeff, and decides to strike-up a conversation at the water cooler."
-1,-1,Veronica,Arati,Veronica,"Veronica and Arati are chatting, while walking out of the office when Arati says she's thinking of applying to a new job.",[],"<li><em>Veronica and Arati are chatting, while walking out of the office when Arati says she's thinking of applying to a new job.</em></li>",0,"Veronica and Arati are chatting, while walking out of the office when Arati says she's thinking of applying to a new job."
-1,-1,Dad,Conrad,Dad,"Conrad is being driven home by his dad, when he sees a McDonalds and asks if they can go, but Conrad's dad has already decided to cook at home.",[],"<li><em>Conrad is being driven home by his dad, when he sees a McDonalds and asks if they can go, but Conrad's dad has already decided to cook at home.</em></li>",0,"Conrad is being driven home by his dad, when he sees a McDonalds and asks if they can go, but Conrad's dad has already decided to cook at home."
-1,-1,Dad,Henrietta,Dad,"Henrietta's father comes to her house, and starts carelessly criticising her decoration and house setup.",[],"<li><em>Henrietta's father comes to her house, and starts carelessly criticising her decoration and house setup.</em></li>",0,"Henrietta's father comes to her house, and starts carelessly criticising her decoration and house setup."
-1,-1,Dina,Clark,Dina,"Dina and Clark are the first two people at the office, and start complaining to each other in hushed voices about how irritable their boss has been lately.",[],"<li><em>Dina and Clark are the first two people at the office, and start complaining to each other in hushed voices about how irritable their boss has been lately.</em></li>",0,"Dina and Clark are the first two people at the office, and start complaining to each other in hushed voices about how irritable their boss has been lately."
-1,-1,Nikhil,Remus,Nikhil,"Nikhil's son, Remus, swears in front of him and Nikhil decides to teach his son a lesson about manners.",[],"<li><em>Nikhil's son, Remus, swears in front of him and Nikhil decides to teach his son a lesson about manners.</em></li>",0,"Nikhil's son, Remus, swears in front of him and Nikhil decides to teach his son a lesson about manners."
-1,-1,Janine,Janine's mom,Janine,"Janine visits her mom, who tells her she looks like she's been eating too much.",[],"<li><em>Janine visits her mom, who tells her she looks like she's been eating too much.</em></li>",0,"Janine visits her mom, who tells her she looks like she's been eating too much."
-1,-1,Olivia,Carl,Olivia,"Olivia is talking to her boyfriend, Carl, about what they should eat for dinner.",[],"<li><em>Olivia is talking to her boyfriend, Carl, about what they should eat for dinner.</em></li>",0,"Olivia is talking to her boyfriend, Carl, about what they should eat for dinner."
-1,-1,Magdalena,Martin,Magdalena,"Magdalena and Martin are on a blind date, and they're intially attracted to each other, but still cautious.",[],"<li><em>Magdalena and Martin are on a blind date, and they're intially attracted to each other, but still cautious.</em></li>",0,"Magdalena and Martin are on a blind date, and they're intially attracted to each other, but still cautious."
-1,-1,Gwenyth,Karen,Gwenyth,"Gwenyth runs into her boss, Karen, while walking into the office in the morning.",[],"<li><em>Gwenyth runs into her boss, Karen, while walking into the office in the morning.</em></li>",0,"Gwenyth runs into her boss, Karen, while walking into the office in the morning."
-1,-1,Dad,Jonah,Dad,Jonah got in a fight at school and when he gets home his father wants to have a serious conversation about it.,[],<li><em>Jonah got in a fight at school and when he gets home his father wants to have a serious conversation about it.</em></li>,0,Jonah got in a fight at school and when he gets home his father wants to have a serious conversation about it.
-1,-1,Fabio,Clarissa,Fabio,"Clarissa is babysitting Fabio, a child of a close friend, when Fabio asks her what her ""real job"" is.",[],"<li><em>Clarissa is babysitting Fabio, a child of a close friend, when Fabio asks her what her ""real job"" is.</em></li>",0,"Clarissa is babysitting Fabio, a child of a close friend, when Fabio asks her what her ""real job"" is."
-1,-1,Mom,Homer,Mom,"Homer hasn't taken out the trash, even though his mom told him to yesterday, and she's not too pleased.",[],"<li><em>Homer hasn't taken out the trash, even though his mom told him to yesterday, and she's not too pleased.</em></li>",0,"Homer hasn't taken out the trash, even though his mom told him to yesterday, and she's not too pleased."
-1,-1,Rakesh,Nadia,Rakesh,"Rakesh's girlfriend, Nadia, hasn't been cleaning up after herself very well lately so Rakesh decides to bring it up.",[],"<li><em>Rakesh's girlfriend, Nadia, hasn't been cleaning up after herself very well lately so Rakesh decides to bring it up.</em></li>",0,"Rakesh's girlfriend, Nadia, hasn't been cleaning up after herself very well lately so Rakesh decides to bring it up."
-1,-1,Ursula,Vivian,Ursula,Ursula calls Vivian and asks if she can cover her shift at work.,[],<li><em>Ursula calls Vivian and asks if she can cover her shift at work.</em></li>,0,Ursula calls Vivian and asks if she can cover her shift at work.
-1,-1,Hera,Claudia,Hera,"Claudia hates Hera, but one morning Hera sits next to her on the bus to work and clearly wants to chat.",[],"<li><em>Claudia hates Hera, but one morning Hera sits next to her on the bus to work and clearly wants to chat.</em></li>",0,"Claudia hates Hera, but one morning Hera sits next to her on the bus to work and clearly wants to chat."
-1,-1,Ghalya,John,Ghalya,"Ghalya is telling John about her hobbies, which he happens to enjoy as well.",[],"<li><em>Ghalya is telling John about her hobbies, which he happens to enjoy as well.</em></li>",0,"Ghalya is telling John about her hobbies, which he happens to enjoy as well."
-1,-1,Trudy,Lisa,Trudy,"Trudy and Lisa are at a party, when Trudy compliments Lisa's jeans and asks where she got them.",[],"<li><em>Trudy and Lisa are at a party, when Trudy compliments Lisa's jeans and asks where she got them.</em></li>",0,"Trudy and Lisa are at a party, when Trudy compliments Lisa's jeans and asks where she got them."
-1,-1,Charles,Tamika,Charles,"Charles decides to start chatting with Tamika, who he hasn't met before, while getting drinks at a mutual friend's party.",[],"<li><em>Charles decides to start chatting with Tamika, who he hasn't met before, while getting drinks at a mutual friend's party.</em></li>",0,"Charles decides to start chatting with Tamika, who he hasn't met before, while getting drinks at a mutual friend's party."
-1,-1,Edward,Raquel,Edward,"Edward sees a cute dog while walking down the street and decides to ask the owner (Raquel, who's name he doesn't know yet!) if he can pet it.",[],"<li><em>Edward sees a cute dog while walking down the street and decides to ask the owner (Raquel, who's name he doesn't know yet!) if he can pet it.</em></li>",0,"Edward sees a cute dog while walking down the street and decides to ask the owner (Raquel, who's name he doesn't know yet!) if he can pet it."
-1,-1,Trish,Abhi,Trish,"Trish and Abhi, who work at the same Marriott hotel, are chatting about their plans for the summer.",[],"<li><em>Trish and Abhi, who work at the same Marriott hotel, are chatting about their plans for the summer.</em></li>",0,"Trish and Abhi, who work at the same Marriott hotel, are chatting about their plans for the summer."
-1,-1,Winfred,Tomas,Winfred,"Winfred decides to ask his boyfriend of 9 months, Tomas, if he'd consider moving in together.",[],"<li><em>Winfred decides to ask his boyfriend of 9 months, Tomas, if he'd consider moving in together.</em></li>",0,"Winfred decides to ask his boyfriend of 9 months, Tomas, if he'd consider moving in together."
-1,-1,Emily,Rina,Emily,Rina tells Emily that she just binge watched a TV show that Emily loves.,[],<li><em>Rina tells Emily that she just binge watched a TV show that Emily loves.</em></li>,0,Rina tells Emily that she just binge watched a TV show that Emily loves.
-1,-1,Gerald,Anika,Gerald,"Gerald is waiting to pick-up his daughter from school when another parent, Anika (who is waiting for her daughter), says hello.",[],"<li><em>Gerald is waiting to pick-up his daughter from school when another parent, Anika (who is waiting for her daughter), says hello.</em></li>",0,"Gerald is waiting to pick-up his daughter from school when another parent, Anika (who is waiting for her daughter), says hello."
-1,-1,Hank,Darleen,Hank,"Hank and Darleen are chatting about whether they believe in supernatural phenomena, like ghosts and magic.",[],"<li><em>Hank and Darleen are chatting about whether they believe in supernatural phenomena, like ghosts and magic.</em></li>",0,"Hank and Darleen are chatting about whether they believe in supernatural phenomena, like ghosts and magic."
-1,-1,Carrie,Max,Carrie,"Carrie is telling Max about a crazy dream she had last night, while  Max keeps making fun of her by trying to interpret what the dream means.",[],"<li><em>Carrie is telling Max about a crazy dream she had last night, while  Max keeps making fun of her by trying to interpret what the dream means.</em></li>",0,"Carrie is telling Max about a crazy dream she had last night, while  Max keeps making fun of her by trying to interpret what the dream means."
-1,-1,Ahmad,Tai,Ahmad,Ahmad is talking to Tai about why he chose to become a vegetarian.,[],<li><em>Ahmad is talking to Tai about why he chose to become a vegetarian.</em></li>,0,Ahmad is talking to Tai about why he chose to become a vegetarian.
-1,-1,Herb,Frances,Herb,Herb and Frances are talking to each other before school starts on the first day of highschool.,[],<li><em>Herb and Frances are talking to each other before school starts on the first day of highschool.</em></li>,0,Herb and Frances are talking to each other before school starts on the first day of highschool.
-1,-1,Melinda,Phebe,Melinda,"Melinda is late paying her portion of the rent, so her roommate Phebe decides to bring it up at a house meeting.",[],"<li><em>Melinda is late paying her portion of the rent, so her roommate Phebe decides to bring it up at a house meeting.</em></li>",0,"Melinda is late paying her portion of the rent, so her roommate Phebe decides to bring it up at a house meeting."
-1,-1,Silvester,Hotaru,Silvester,"Hotaru and Silvester, who have been friends since middle school and are now in their twenties, are discussing how their lives have become different because Hotaru went to college but Silvester didn't.",[],"<li><em>Hotaru and Silvester, who have been friends since middle school and are now in their twenties, are discussing how their lives have become different because Hotaru went to college but Silvester didn't.</em></li>",0,"Hotaru and Silvester, who have been friends since middle school and are now in their twenties, are discussing how their lives have become different because Hotaru went to college but Silvester didn't."
-1,-1,Ramesh,Shyam,Ramesh,Ramesh meets Shyam at a coffee-shop to hangout and brainstorm ideas for their final project in a class about modern American politics.,[],<li><em>Ramesh meets Shyam at a coffee-shop to hangout and brainstorm ideas for their final project in a class about modern American politics.</em></li>,0,Ramesh meets Shyam at a coffee-shop to hangout and brainstorm ideas for their final project in a class about modern American politics.
-1,-1,Tamara,Hasan,Tamara,"Tamara, who grew up in the city, and Hasan, who grew up in a small town, are discussing differences in their childhood experience and how it shaped their personalities",[],"<li><em>Tamara, who grew up in the city, and Hasan, who grew up in a small town, are discussing differences in their childhood experience and how it shaped their personalities</em></li>",0,"Tamara, who grew up in the city, and Hasan, who grew up in a small town, are discussing differences in their childhood experience and how it shaped their personalities"
-1,-1,Stephanie,Keanu,Stephanie,Stephanie is complaining to Keanu about her parking ticket.,[],<li><em>Stephanie is complaining to Keanu about her parking ticket.</em></li>,0,Stephanie is complaining to Keanu about her parking ticket.
-1,-1,Eunice,Martha,Eunice,"Eunice and Martha, who have both been married for a few years, are talking about how their parents put pressure on them to have kids.",[],"<li><em>Eunice and Martha, who have both been married for a few years, are talking about how their parents put pressure on them to have kids.</em></li>",0,"Eunice and Martha, who have both been married for a few years, are talking about how their parents put pressure on them to have kids."
-1,-1,Zora,Edith,Zora,"Zora and Edith, both in college, are talking about whether it's better to settle down in your original hometown, or find a new city to call home.",[],"<li><em>Zora and Edith, both in college, are talking about whether it's better to settle down in your original hometown, or find a new city to call home.</em></li>",0,"Zora and Edith, both in college, are talking about whether it's better to settle down in your original hometown, or find a new city to call home."
-1,-1,Diana,Rosaria,Diana,"Rosario and Diana, friends since college, are having lunch when Rosario tells Diana that he's worried his current job, Service Manager at a small hotel, isn't a sustainable career.",[],"<li><em>Rosario and Diana, friends since college, are having lunch when Rosario tells Diana that he's worried his current job, Service Manager at a small hotel, isn't a sustainable career.</em></li>",0,"Rosario and Diana, friends since college, are having lunch when Rosario tells Diana that he's worried his current job, Service Manager at a small hotel, isn't a sustainable career."
-1,-1,Ashley,Nicole,Ashley,"Ashley and Nicole, who both have young kids, are bonding over how hard it is to have a job while being a parent.",[],"<li><em>Ashley and Nicole, who both have young kids, are bonding over how hard it is to have a job while being a parent.</em></li>",0,"Ashley and Nicole, who both have young kids, are bonding over how hard it is to have a job while being a parent."
-1,-1,Bryan,Alicia,Bryan,Bryan and Alicia are discussing their favorite holidays.,[],<li><em>Bryan and Alicia are discussing their favorite holidays.</em></li>,0,Bryan and Alicia are discussing their favorite holidays.
-1,-1,Juliette,Franzi ,Juliette,"Juliette and Franzi, who are both in their thirties, are discussing how they feel about the fact that everyone seems to have smartphones these days.",[],"<li><em>Juliette and Franzi, who are both in their thirties, are discussing how they feel about the fact that everyone seems to have smartphones these days.</em></li>",0,"Juliette and Franzi, who are both in their thirties, are discussing how they feel about the fact that everyone seems to have smartphones these days."
-1,-1,Randall,Alex,Randall,"After being silent about his unhappiness for a while, Randall decides to tell Alex (his girlfriend) that he wishes she were more supportive and understanding.",[],"<li><em>After being silent about his unhappiness for a while, Randall decides to tell Alex (his girlfriend) that he wishes she were more supportive and understanding.</em></li>",0,"After being silent about his unhappiness for a while, Randall decides to tell Alex (his girlfriend) that he wishes she were more supportive and understanding."
-1,-1,Courtney,Albert,Courtney,"Platonic roommates Courtney and Albert are discussing whether they should stay in the same apartment or move, since their lease expires in a month.",[],"<li><em>Platonic roommates Courtney and Albert are discussing whether they should stay in the same apartment or move, since their lease expires in a month.</em></li>",0,"Platonic roommates Courtney and Albert are discussing whether they should stay in the same apartment or move, since their lease expires in a month."
-1,-1,Pamela,Jackie,Pamela,Pamela and Jackie are discussing how they feel about social media and how they use it in their daily lives.,[],<li><em>Pamela and Jackie are discussing how they feel about social media and how they use it in their daily lives.</em></li>,0,Pamela and Jackie are discussing how they feel about social media and how they use it in their daily lives.
-1,-1,Laurie,Grant,Laurie,It's Wednesday and coworkers Laurie and Grant are discussing their plans for the weekend.,[],<li><em>It's Wednesday and coworkers Laurie and Grant are discussing their plans for the weekend.</em></li>,0,It's Wednesday and coworkers Laurie and Grant are discussing their plans for the weekend.
-1,-1,Steve,Saul,Steve,"Saul tells his friend Steve that he has an irrational fear of sharks, which Steve finds hilarious.",[],"<li><em>Saul tells his friend Steve that he has an irrational fear of sharks, which Steve finds hilarious.</em></li>",0,"Saul tells his friend Steve that he has an irrational fear of sharks, which Steve finds hilarious."
-1,-1,Debbie,Andre,Debbie,"It's the day after Andre went on a blind date that Debbie set up for him, so Debbie and Andre are talking about how it went.",[],"<li><em>It's the day after Andre went on a blind date that Debbie set up for him, so Debbie and Andre are talking about how it went.</em></li>",0,"It's the day after Andre went on a blind date that Debbie set up for him, so Debbie and Andre are talking about how it went."
-1,-1,Gail,Theresa,Gail,"Gail just left a meeting where she planned to ask her boss for a promotion, so she decides to tell her work friend Theresa about how it went.",[],"<li><em>Gail just left a meeting where she planned to ask her boss for a promotion, so she decides to tell her work friend Theresa about how it went.</em></li>",0,"Gail just left a meeting where she planned to ask her boss for a promotion, so she decides to tell her work friend Theresa about how it went."
-1,-1,Dale,Terrance,Dale,Dale and Terrance are talking about how much more stressful their life has gotten since they became adults and got jobs.,[],<li><em>Dale and Terrance are talking about how much more stressful their life has gotten since they became adults and got jobs.</em></li>,0,Dale and Terrance are talking about how much more stressful their life has gotten since they became adults and got jobs.
-1,-1,Jacob,Rick,Jacob,"Jacob and Rick, who are in their fourties, are talking about where they hope to be in ten years.",[],"<li><em>Jacob and Rick, who are in their fourties, are talking about where they hope to be in ten years. </em></li>",0,"Jacob and Rick, who are in their fourties, are talking about where they hope to be in ten years."
-1,-1,Vickie,Elena,Vickie,"Roommates Vickie and Elena are hanging out at home on a Saturday night, talking about their most embarassing moments.",[],"<li><em>Roommates Vickie and Elena are hanging out at home on a Saturday night, talking about their most embarassing moments.</em></li>",0,"Roommates Vickie and Elena are hanging out at home on a Saturday night, talking about their most embarassing moments."
-1,-1,Roger,Kevin,Roger,Co-workers Roger and Kevin are gossiping about other people in their office.,[],<li><em>Co-workers Roger and Kevin are gossiping about other people in their office.</em></li>,0,Co-workers Roger and Kevin are gossiping about other people in their office.
-1,-1,Dustin,Jimmy,Dustin,Dustin is telling Jimmy about a conversation he overheard on the bus that morning.,[],<li><em>Dustin is telling Jimmy about a conversation he overheard on the bus that morning.</em></li>,0,Dustin is telling Jimmy about a conversation he overheard on the bus that morning.
-1,-1,Hugh,Clay,Hugh,"Clay got reprimanded by his boss for being late, and Hugh is trying to cheer him up.",[],"<li><em>Clay got reprimanded by his boss for being late, and Hugh is trying to cheer him up.</em></li>",0,"Clay got reprimanded by his boss for being late, and Hugh is trying to cheer him up."
-1,-1,Yolanda,Kelley,Yolanda,"Yolanda and Kelley accidentally tip over a bookcase and damage the floor while moving furniture around the apartment they rent, so they start discussing what they should do.",[],"<li><em>Yolanda and Kelley accidentally tip over a bookcase and damage the floor while moving furniture around the apartment they rent, so they start discussing what they should do.</em></li>",0,"Yolanda and Kelley accidentally tip over a bookcase and damage the floor while moving furniture around the apartment they rent, so they start discussing what they should do."
-1,-1,Bertha,Emmett,Bertha,"Bertha and Emett are discussing whether their twin daughters, who are going to enter high school next year, should be sent to the local all-girls school, which has a great reputation.",[],"<li><em>Bertha and Emett are discussing whether their twin daughters, who are going to enter high school next year, should be sent to the local all-girls school, which has a great reputation.</em></li>",0,"Bertha and Emett are discussing whether their twin daughters, who are going to enter high school next year, should be sent to the local all-girls school, which has a great reputation."
-1,-1,Tim,Mark,Tim,Tim and Mark are arguing over whether a post analyzing Trump's presidency is right or wrong.,[],<li><em>Tim and Mark are arguing over whether a post analyzing Trump's presidency is right or wrong.</em></li>,0,Tim and Mark are arguing over whether a post analyzing Trump's presidency is right or wrong.
-1,-1,Iris,Rosemary,Iris,"Iris has a low credit score and can't get a loan, so she asks her good friend Rosemary if she can lend her $2000.",[],"<li><em>Iris has a low credit score and can't get a loan, so she asks her good friend Rosemary if she can lend her $2000.</em></li>",0,"Iris has a low credit score and can't get a loan, so she asks her good friend Rosemary if she can lend her $2000."
-1,-1,Molly,Suzie,Molly,"Monica has been coming in late to work and, after two warnings, her boss (Suzie) asks her why she shouldn't fire her.",[],"<li><em>Monica has been coming in late to work and, after two warnings, her boss (Suzie) asks her why she shouldn't fire her.</em></li>",0,"Monica has been coming in late to work and, after two warnings, her boss (Suzie) asks her why she shouldn't fire her."
-1,-1,Ruby,Tyrone,Ruby,"When Ruby isn't served her food half an hour after she ordered it, she calls Tyrone (her waiter) over.",[],"<li><em>When Ruby isn't served her food half an hour after she ordered it, she calls Tyrone (her waiter) over.</em></li>",0,"When Ruby isn't served her food half an hour after she ordered it, she calls Tyrone (her waiter) over."
-1,-1,Ramya,Lee,Ramya,"Ramya, who is engaged to a man named Alex, is debating with her friend Lee about whether to have a big family wedding or just get married in secret on a weekend trip to Las Vegas.",[],"<li><em>Ramya, who is engaged to a man named Alex, is debating with her friend Lee about whether to have a big family wedding or just get married in secret on a weekend trip to Las Vegas.</em></li>",0,"Ramya, who is engaged to a man named Alex, is debating with her friend Lee about whether to have a big family wedding or just get married in secret on a weekend trip to Las Vegas."
-1,-1,Heidi,Nick,Heidi,"Heidi and Nick, both freshman in college, are debating what they should major in.",[],"<li><em>Heidi and Nick, both freshman in college, are debating what they should major in.</em></li>",0,"Heidi and Nick, both freshman in college, are debating what they should major in."
-1,-1,Frank,Cody,Frank,Frank and Cody are talking about their plans for Black Friday and debating whether they should get up early to line-up for the best deals.,[],<li><em>Frank and Cody are talking about their plans for Black Friday and debating whether they should get up early to line-up for the best deals.</em></li>,0,Frank and Cody are talking about their plans for Black Friday and debating whether they should get up early to line-up for the best deals.
-1,-1,Mom,Paul,Mom,"Paul comes home at 1AM, to find his mom waiting at the door with a furious look on her face.",[],"<li><em>Paul comes home at 1AM, to find his mom waiting at the door with a furious look on her face.</em></li>",0,"Paul comes home at 1AM, to find his mom waiting at the door with a furious look on her face."
-1,-1,Ray,Natasha,Ray,"Ray and Natasha's kids are friends at school, and they're discussing the possibility of the two families taking a joint vacation.",[],"<li><em>Ray and Natasha's kids are friends at school, and they're discussing the possibility of the two families taking a joint vacation. </em></li>",0,"Ray and Natasha's kids are friends at school, and they're discussing the possibility of the two families taking a joint vacation."
-1,-1,Mom,Beverly,Mom,"Beverly's mom got sick on vacation, and now she's complaining to Beverly about it over the phone.",[],"<li><em>Beverly's mom got sick on vacation, and now she's complaining to Beverly about it over the phone.</em></li>",0,"Beverly's mom got sick on vacation, and now she's complaining to Beverly about it over the phone."
-1,-1,Zach,Penny,Zach,Penny gets annoyed when her brother Zach won't talk about anything but Hollywood gossip.,[],<li><em>Penny gets annoyed when her brother Zach won't talk about anything but Hollywood gossip.</em></li>,0,Penny gets annoyed when her brother Zach won't talk about anything but Hollywood gossip.
-1,-1,Tracy,Mingming,Tracy,"Tracy is practicing playing guitar for his music recital, when his roommate Mingming comes back from shopping and asks him to stop playing so she can take a nap.",[],"<li><em>Tracy is practicing playing guitar for his music recital, when his roommate Mingming comes back from shopping and asks him to stop playing so she can take a nap.</em></li>",0,"Tracy is practicing playing guitar for his music recital, when his roommate Mingming comes back from shopping and asks him to stop playing so she can take a nap."
-1,-1,Jesse,Don,Jesse,"Jesse hadn't called home in two months, but today he gets a call from his brother Don that their mom has cancer.",[],"<li><em>Jesse hadn't called home in two months, but today he gets a call from his brother Don that their mom has cancer.</em></li>",0,"Jesse hadn't called home in two months, but today he gets a call from his brother Don that their mom has cancer."
-1,-1,Bill,Faith,Bill,"Faith tutored her Boss's son, who promised he'd pay for it the following day at the office, but when he still hasn't mentioned it a week later Faith starts debating what she should do with her coworker Bill.",[],"<li><em>Faith tutored her Boss's son, who promised he'd pay for it the following day at the office, but when he still hasn't mentioned it a week later Faith starts debating what she should do with her coworker Bill. </em></li>",0,"Faith tutored her Boss's son, who promised he'd pay for it the following day at the office, but when he still hasn't mentioned it a week later Faith starts debating what she should do with her coworker Bill."